1.414213560589977936e+00,1.365620834649706294e+00,1.318163427739261540e+00,1.271854032204926765e+00,1.226533303618094539e+00,1.182014447000339530e+00,1.138233400078792146e+00,1.095228542541499150e+00,1.051967505437367389e+00,1.007334742327497201e+00,9.598094408998009142e-01,9.075955644118930410e-01,8.489658011552907446e-01,7.824338769649445968e-01,7.002466308667038009e-01,6.039459162328557618e-01,4.958957304818436551e-01,3.789758255252690944e-01,2.558988595590044324e-01,1.286886615676821333e-01,1.666415268451966166e-09,1.153155031684598900e-08,1.480844158994110768e-08,1.849674769297976854e-08,2.240294404197259765e-08,2.409733045086692592e-08,2.340181350689651428e-08,2.067325751634196903e-08,1.609594904182548204e-08,1.057380415456044576e-08,4.917014896884674106e-09,1.562570222945807979e-09,1.539295628789856914e-09,1.423274216083249309e-09,1.264982372925887670e-09,1.076068174382256167e-09,8.150860172022723827e-10,4.388988031440282035e-08,1.492261496757212154e-08,3.278812534529952543e-09,3.484847077573311235e-09
1.365620834654416971e+00,1.343502881141507510e+00,1.294804929445364738e+00,1.247605049308040615e+00,1.201558235432739430e+00,1.156477882171122795e+00,1.112371911689231663e+00,1.068992517505571893e+00,1.025937203778462647e+00,9.822654564305227654e-01,9.366165694496734195e-01,8.871637699303845936e-01,8.316990897164796559e-01,7.681316316051672866e-01,6.945692243528535093e-01,6.018581833810073833e-01,4.959761433696687205e-01,3.799348795738979878e-01,2.570117201180178168e-01,1.294371238971766536e-01,2.522768346390074057e-09,1.837070499166709521e-09,1.392521933511393385e-08,1.410475147490275600e-08,1.749649493088503205e-08,1.962584564323203911e-08,1.855068465666269305e-08,1.575945527412747482e-08,1.167745527000987255e-08,7.093847264909124676e-09,2.764771755633715701e-09,1.387351960582039244e-09,1.360740369930884295e-09,1.273041480756307112e-09,1.147063455817258739e-09,9.759885401869481613e-10,7.337176705488122995e-10,4.148380163396711212e-08,9.612870929336663521e-09,3.503573320352132062e-09,3.278813098685755103e-09
1.318163427836256396e+00,1.294804929456880638e+00,1.272792201445705373e+00,1.223956498583863794e+00,1.177000915905222156e+00,1.131213422309844008e+00,1.086539177918117050e+00,1.042765207893797008e+00,9.995338477958565226e-01,9.563158431977986096e-01,9.120172442333038809e-01,8.649428640215861552e-01,8.127867254183812618e-01,7.528637840789582647e-01,6.830878966688649356e-01,5.987295069382965185e-01,4.956300528513633008e-01,3.806966819078347330e-01,2.579981378055847818e-01,1.299909976676360268e-01,3.303040086981335864e-09,2.283286185868876456e-09,1.548874393895019798e-08,1.418401284451105754e-08,1.253831933071421741e-08,1.408466350008829855e-08,1.364686144460184518e-08,1.097154872370890448e-08,7.503790052769264011e-09,3.935905747093006291e-09,1.180128882854888269e-09,1.208534218656156942e-09,1.177952896899124199e-09,1.103917407365421364e-09,9.870550917853886480e-10,8.118072702361830709e-10,5.646193779053022961e-10,2.660193578405012968e-08,3.624040734174213906e-09,9.612870831330081084e-09,1.492261604484554798e-08
1.271854032098393539e+00,1.247605049290514634e+00,1.223956498607060128e+00,1.202081520445762219e+00,1.153086667788662423e+00,1.106369668363232250e+00,1.060915017863321541e+00,1.016550115008375110e+00,9.730169929597006773e-01,9.298493942189417494e-01,8.863163401710336675e-01,8.410798530103357207e-01,7.919517948443232092e-01,7.359544062753867744e-01,6.701113312413349288e-01,5.928841071123773787e-01,4.947607841768022485e-01,3.812469631086106148e-01,2.589013400018632116e-01,1.304598746303056445e-01,3.966218949131932735e-09,2.417064040073834691e-09,3.477153015168072204e-08,1.686600843499911317e-08,1.324695452322774097e-08,8.883836960288517604e-09,8.600805728514933697e-09,6.628467427524927843e-09,3.908426996921155789e-09,1.441881574954841185e-09,1.029854944274326153e-09,1.036156913030464429e-09,1.001641790278436830e-09,9.252387661748208231e-10,7.943540614945504930e-10,5.938760963340265339e-10,3.230213564834075649e-08,3.569226136870981978e-09,2.660193923321150282e-08,4.148381257771112796e-08,4.388988331446132944e-08
1.226533303528825503e+00,1.201558235432354627e+00,1.177000915896381450e+00,1.153086667774620766e+00,1.131370839133254202e+00,1.082198694904634939e+00,1.035723907829418700e+00,9.905605481352408592e-01,9.464768427309505627e-01,9.031304815497238625e-01,8.599176585197404465e-01,8.158569655096897799e-01,7.692148731558450248e-01,7.170445058977076291e-01,6.556187388783055736e-01,5.823183572424915910e-01,4.934804307224573972e-01,3.815367044477825931e-01,2.596858670872501107e-01,1.308916241859052754e-01,4.480561418991684413e-09,2.409738324088920399e-09,5.160391434822335341e-08,1.773943799297311878e-08,1.680968771710052419e-08,1.138387068905214353e-08,4.384399185401564616e-09,2.995072459243557264e-09,1.205127143706066963e-09,8.597089646017999708e-10,8.865393938814418265e-10,8.792990289840146623e-10,8.329161716866579270e-10,7.346483480895367635e-10,5.693039186517536874e-10,3.278770428728625273e-08,3.306911966483061710e-09,3.230214023022219051e-08,5.646204265356780656e-10,7.337187630141673459e-10,8.150874191322957155e-10
1.182014447027894377e+00,1.156477882182801231e+00,1.131213422349293118e+00,1.106369668375513315e+00,1.082198694927758442e+00,1.060660158078745807e+00,1.011296627317877173e+00,9.650540153861780768e-01,9.201634737448796120e-01,8.763293433570038538e-01,8.331014627271575712e-01,7.896992673110899696e-01,7.447960272827170991e-01,6.959880698750354755e-01,6.392431465895985765e-01,5.703852253215231372e-01,4.883136619239061282e-01,3.814998291236885719e-01,2.604146373639153467e-01,1.313161997975048068e-01,4.829742456463204530e-09,2.329013724275762380e-09,5.508933783794194386e-08,1.830500933926498200e-08,1.770587711421824085e-08,1.439332627791922091e-08,8.736816652379023755e-09,3.340936243090151187e-09,7.341591887294063109e-10,7.518839312169625148e-10,7.631296924038244914e-10,7.378461844236046824e-10,6.627758123791916875e-10,5.239858916979402388e-08,3.103927678695691661e-08,2.969075985073643528e-09,3.278771695854889553e-08,5.938761405890856591e-10,8.118080474193512859e-10,9.759894844146011151e-10,1.076068377578518100e-09
1.138233399956592340e+00,1.112371911460275253e+00,1.086539178016541429e+00,1.060915017936915339e+00,1.035723907840712110e+00,1.011296627316208507e+00,9.899494773125118163e-01,9.403889074996657493e-01,8.943709631501974844e-01,8.497356806856606326e-01,8.061132352421099823e-01,7.629159189138876584e-01,7.191226441916043211e-01,6.728664142050763131e-01,6.205971769401120719e-01,5.570214952424519250e-01,4.787084939454994137e-01,3.813335018988427971e-01,2.610835060641242822e-01,1.317539073125645888e-01,5.017622300307352396e-09,2.206417789860277816e-09,5.104237031920095840e-08,1.817708102289367987e-08,1.767523776566326043e-08,1.549159114626645601e-08,1.080738244576017401e-08,5.822871862500536166e-09,2.049132609885848848e-09,9.654114388222243470e-10,7.579890215358591893e-10,6.401934894424832562e-08,5.218738277083045407e-08,3.292950290466556973e-08,1.307345798284846236e-08,3.103928723896510022e-08,5.693041621043071648e-10,7.943547087006609137e-10,9.870551196215903851e-10,1.147063545925464910e-09,1.264983221733738492e-09
1.095228542522451276e+00,1.068992517478008830e+00,1.042765207903816993e+00,1.016550114901570767e+00,9.905605480798442830e-01,9.650540153971290946e-01,9.403889074994442598e-01,9.192387968662091291e-01,8.694924318366654692e-01,8.236851413264697497e-01,7.792880704862695795e-01,7.358299306322582112e-01,6.925472816828472933e-01,6.480488771626086164e-01,5.995096775312415138e-01,5.416429090041346983e-01,4.682894148235122733e-01,3.791987316330041602e-01,2.616393058774528768e-01,1.322175254537366618e-01,5.047338536729174183e-09,2.056921505528005050e-09,4.271091845032764532e-08,1.771020693521205549e-08,1.722283765398407585e-08,1.557518373747078825e-08,1.148924606520187172e-08,6.891629599025596944e-09,3.144448373686173453e-09,1.252340947142194518e-09,9.831044235019558628e-10,7.549024084357528605e-08,5.688449701762663450e-08,3.791350844384314005e-08,3.292953741583612054e-08,5.239861716000973024e-08,7.346489455014354358e-10,9.252399928078004402e-10,1.103917362581072629e-09,1.273043055544843440e-09,1.423274455953897322e-09
1.051967505296145244e+00,1.025937203864124569e+00,9.995338478225909151e-01,9.730169930499602549e-01,9.464768426064534834e-01,9.201634738468991159e-01,8.943709631596786780e-01,8.694924318363991267e-01,8.485281167726144158e-01,7.986173802460613258e-01,7.530069089202204857e-01,7.088292942080367531e-01,6.654756069222215187e-01,6.219411638182119617e-01,5.761746608018021298e-01,5.235973464588213888e-01,4.568196267369339925e-01,3.709917467062989194e-01,2.619262862466402164e-01,1.327179636145870700e-01,4.927868971682594994e-09,1.887316109318470067e-09,3.223953370908219969e-08,1.700172491352450787e-08,1.652346780362098514e-08,1.501972647093433771e-08,1.121562832070348695e-08,6.888159468743189470e-09,3.330639161967357238e-09,1.391070298594156430e-09,1.110527802092405277e-09,8.535983934141422692e-10,6.559915355364175442e-08,5.688453252495093144e-08,5.218743460376938160e-08,6.627771672266835065e-10,8.329166004463732380e-10,1.001642523599120876e-09,1.177952929722012797e-09,1.360740583178446360e-09,1.539296005534413412e-09
1.007334742631631697e+00,9.822654563068966560e-01,9.563158432165349554e-01,9.298493941420338249e-01,9.031304815822513987e-01,8.763293433384821141e-01,8.497356806600344648e-01,8.236851413194961058e-01,7.986173802461812299e-01,7.778174370746901989e-01,7.277722316091943533e-01,6.823477756261283611e-01,6.383672602701286891e-01,5.950411214373929614e-01,5.509691785482087045e-01,5.027483160430450404e-01,4.429900436177948708e-01,3.631068224049782689e-01,2.618400107844411906e-01,1.332378793738453471e-01,4.672316350711378146e-09,1.700195458687850241e-09,2.147184020097560062e-08,1.608132042667381504e-08,1.563267552143045226e-08,1.398023607214299643e-08,1.021687023848675820e-08,6.051683873049881926e-09,2.718122891054308660e-09,1.433923312166478263e-09,1.116095145416750638e-09,8.521906513792611482e-10,8.535987234499968489e-10,7.549029225689470031e-08,6.401939917688787944e-08,7.378474761686393346e-10,8.792994313180002207e-10,1.036157037112253457e-09,1.208534808827005040e-09,1.387352935414802660e-09,1.562568504929456560e-09
9.598094404226630294e-01,9.366165694311131551e-01,9.120172442397092016e-01,8.863163401400671049e-01,8.599176586075498729e-01,8.331014626855514082e-01,8.061132352189780415e-01,7.792880705107504413e-01,7.530069089268608407e-01,7.277722316094060728e-01,7.071067578971920176e-01,6.569973211776175548e-01,6.117666492257757271e-01,5.679571173319449828e-01,5.245538798918839563e-01,4.792891684320672585e-01,4.261269366139029957e-01,3.539879717375392087e-01,2.585679664307746761e-01,1.336937299103237720e-01,4.296069691949208201e-09,1.496015762801444326e-09,1.462838364143911185e-08,1.493397861346576555e-08,1.453165199538209939e-08,1.248019606040790282e-08,8.570738347046041675e-09,4.489543434603026395e-09,1.570133759317369028e-09,1.345378778961306104e-09,9.821842228419148534e-10,1.116095525823983687e-09,1.110526572410092574e-09,9.831038756821680357e-10,7.579888593491576202e-10,7.631306636384280333e-10,8.865391096068131238e-10,1.029854825327440276e-09,1.180129614255890219e-09,2.764773124255968741e-09,4.917020268672519674e-09
9.075955643620615687e-01,8.871637699460211968e-01,8.649428646255077346e-01,8.410798531685438340e-01,8.158569654854856967e-01,7.896992672251494927e-01,7.629159186887624067e-01,7.358299305540870749e-01,7.088292942081934056e-01,6.823477755251485810e-01,6.569973211769828403e-01,6.363961028288876998e-01,5.862688099742598968e-01,5.412440799321972529e-01,4.975931738514902669e-01,4.538322719972917030e-01,4.058828599900515810e-01,3.426459074879646405e-01,2.527316218443484974e-01,1.340780355985652095e-01,3.828074828885147276e-09,1.274313144524224289e-09,1.390336275241264049e-08,1.352093695299433396e-08,1.313439623933547148e-08,1.045411821895194377e-08,6.253450439596391743e-09,2.216818993209951761e-09,1.506423252588739748e-09,1.055530773896885597e-09,1.345378180464454593e-09,1.433922189612216263e-09,1.391069120414450619e-09,1.252340006733573034e-09,9.654113923384235312e-10,7.518849798611665728e-10,8.597102809380395941e-10,1.441883193333143026e-09,3.935910979750507159e-09,7.093851267888229335e-09,1.057381349761151369e-08
8.489658010026571722e-01,8.316990900098107931e-01,8.127867252207547910e-01,7.919517949068761720e-01,7.692148730775481003e-01,7.447960273435987322e-01,7.191226442357767645e-01,6.925472817182400931e-01,6.654756068811709113e-01,6.383672602637405769e-01,6.117666492231610409e-01,5.862688099750003046e-01,5.656854247089825316e-01,5.155974021255493867e-01,4.707902597852720028e-01,4.272459939689526864e-01,3.825136020389557356e-01,3.279431069866251547e-01,2.465201761672655700e-01,1.343179141530856102e-01,3.314947956515955818e-09,1.035819180064644903e-09,1.306801837560688796e-08,1.215069683206784521e-08,1.128115890507978026e-08,7.752751419220651779e-09,3.120929052198078212e-09,1.569043389142165725e-09,1.079025535588584717e-09,1.506421735622995452e-09,1.570131469101698572e-09,2.718121366078255880e-09,3.330640305930122415e-09,3.144447034041705428e-09,2.049131853222244962e-09,7.341602206660028406e-10,1.205127603624401056e-09,3.908430425221902415e-09,7.503798564483757197e-09,1.167746159211380315e-08,1.609596552981451874e-08
7.824338765971616816e-01,7.681316319191242581e-01,7.528637843216164915e-01,7.359544060884406491e-01,7.170445060847946417e-01,6.959880700465644887e-01,6.728664141084231831e-01,6.480488771814740812e-01,6.219411637661769188e-01,5.950411214626331047e-01,5.679571173289921227e-01,5.412440799305424655e-01,5.155974021249896122e-01,4.949747465943384883e-01,4.449956839211500759e-01,4.004252260514350459e-01,3.568698914124470711e-01,3.089931692221674631e-01,2.387668888333766004e-01,1.342167304769101011e-01,2.755630223494270305e-09,7.839945871373732353e-10,1.207270889635965902e-08,1.072970786246066808e-08,8.713782488902657029e-09,4.070534524669258242e-09,1.494919095887936454e-09,1.057814169591608788e-09,1.569043755869732509e-09,2.216820488081922132e-09,4.489542286285792635e-09,6.051679660318395537e-09,6.888159023231689706e-09,6.891631041597871193e-09,5.822874289724899639e-09,3.340938823607976502e-09,2.995075949715000206e-09,6.628476450684594064e-09,1.097155417474392836e-08,1.575945713275392447e-08,2.067327026803345405e-08
7.002466311163492163e-01,6.945692242064142041e-01,6.830878966428388654e-01,6.701113312320090554e-01,6.556187393269864438e-01,6.392431465007027969e-01,6.205971770573940338e-01,5.995096775781888487e-01,5.761746606900023382e-01,5.509691785436370282e-01,5.245538798664185487e-01,4.975931738198805521e-01,4.707902597914614407e-01,4.449956839202758863e-01,4.242640684853811184e-01,3.745439556652063740e-01,3.302271609192795054e-01,2.859601965511269772e-01,2.279057823679475625e-01,1.309964215111962260e-01,2.178373273948672059e-09,5.217350414885635527e-10,1.076464667202913143e-08,8.856073414016928119e-09,4.988859667190259008e-09,1.229899472661677145e-09,9.953950996788617941e-10,1.494918623341260528e-09,3.120928882219373840e-09,6.253450570593402007e-09,8.570736937592298233e-09,1.021687086261922337e-08,1.121562309637845102e-08,1.148924715324998407e-08,1.080738714517959067e-08,8.736823350419957798e-09,4.384409805484022688e-09,8.600813838815998427e-09,1.364687693864169617e-08,1.855069018384056913e-08,2.340181492321488239e-08
6.039459130414872590e-01,6.018581799910917018e-01,5.987295070177812706e-01,5.928841071929852324e-01,5.823183571872040387e-01,5.703852253646866100e-01,5.570214951610479304e-01,5.416429089836880539e-01,5.235973464891218176e-01,5.027483160153870534e-01,4.792891685930066870e-01,4.538322719447324682e-01,4.272459939734350454e-01,4.004252260548355480e-01,3.745439556652165325e-01,3.535533903825635038e-01,3.043213015303583568e-01,2.601856984298175912e-01,2.119236119157482945e-01,1.272274054124239440e-01,1.616610620261941770e-09,2.580895248410141271e-08,8.864333893845964567e-09,5.795522618215637362e-09,1.116490722527988691e-09,8.933598305560784451e-10,1.229897739252243125e-09,4.070532945022597532e-09,7.752751579093931731e-09,1.045411425041649506e-08,1.248019797784630673e-08,1.398024215771080765e-08,1.501972491958868724e-08,1.557519050859966248e-08,1.549158905816028850e-08,1.439333548008826511e-08,1.138387681607169413e-08,8.883843725467896937e-09,1.408467103223143609e-08,1.962585287040561274e-08,2.409734726909767433e-08
4.958957304938138022e-01,4.959761433707497447e-01,4.956300527886034479e-01,4.947607817611585079e-01,4.934804270771207535e-01,4.883136618732557555e-01,4.787084940055522098e-01,4.682894148150045788e-01,4.568196267142255462e-01,4.429900436343904291e-01,4.261269366245584167e-01,4.058828600013885124e-01,3.825136021184687984e-01,3.568698914172031555e-01,3.302271609116880779e-01,3.043213015307016378e-01,2.828427122863763077e-01,2.342846693383693335e-01,1.898220721454525750e-01,1.221799809066179687e-01,1.108288680821393883e-09,7.982069823367406311e-09,6.291570338022633724e-09,1.262501530752940455e-09,7.579361582800664377e-10,1.116491034315532546e-09,4.988858394706613576e-09,8.713782593899622054e-09,1.128115946067351736e-08,1.313439151868030852e-08,1.453165162598287344e-08,1.563269163479325082e-08,1.652347633261618129e-08,1.722285108759954547e-08,1.767525279933917100e-08,1.770589648018927409e-08,1.680969419174949686e-08,1.324696879822020287e-08,1.253832224746380518e-08,1.749650677316951610e-08,2.240294926186756028e-08
3.789758255254984110e-01,3.799348795694807435e-01,3.806966819031809557e-01,3.812469631110070312e-01,3.815367044504223704e-01,3.814998291262903241e-01,3.813335019128492598e-01,3.791987323294656598e-01,3.709917466994691049e-01,3.631068223997095390e-01,3.539879717367284684e-01,3.426459074929847359e-01,3.279431069927518094e-01,3.089931692160763910e-01,2.859601965266899137e-01,2.601856984270950468e-01,2.342846693378492218e-01,2.121320341973672308e-01,1.645693114103965460e-01,1.129640532095515792e-01,6.908846796703176124e-10,6.998513081726395555e-09,2.349917717171995077e-09,5.926678037227322439e-10,1.262502471737916574e-09,5.795522674394449079e-09,8.856078516325956448e-09,1.072971420450610842e-08,1.215070583955568054e-08,1.352094782904584735e-08,1.493398795567040107e-08,1.608133305462886101e-08,1.700172148561999895e-08,1.771021974204852205e-08,1.817710084641782269e-08,1.830501034228525365e-08,1.773945270128231650e-08,1.686602141306763767e-08,1.418401758012699949e-08,1.410475893009746503e-08,1.849675421759458942e-08
2.558988595596984328e-01,2.570117201189961453e-01,2.579981378047440099e-01,2.589013400012842303e-01,2.596858670862058904e-01,2.604146373640809364e-01,2.610835060637395899e-01,2.616393058784287073e-01,2.619262862438538342e-01,2.618400107837863255e-01,2.585679664286451018e-01,2.527316218435652906e-01,2.465201761719366391e-01,2.387668888308493165e-01,2.279057823715395226e-01,2.119236119037915256e-01,1.898220721354428875e-01,1.645693114115364120e-01,1.414213441339942645e-01,9.486990421278350405e-02,4.961257857296106915e-10,4.767934849530732157e-09,4.034410583389465957e-10,2.349914694109098079e-09,6.291576335404705778e-09,8.864337489537779129e-09,1.076465602565834385e-08,1.207270961917546940e-08,1.306802402485711588e-08,1.390336289884984211e-08,1.462837967407681205e-08,2.147182691669692658e-08,3.223952340025876835e-08,4.271093283418987232e-08,5.104245730409650602e-08,5.508940499318256059e-08,5.160396708708604088e-08,3.477154822791669073e-08,1.548877152794824803e-08,1.392522798716730411e-08,1.480843916478109833e-08
1.286886615709374460e-01,1.294371238865650586e-01,1.299909973203394187e-01,1.304598746387842789e-01,1.308916245795355426e-01,1.313161993621022594e-01,1.317539073185303444e-01,1.322175258104803797e-01,1.327179636030755838e-01,1.332378790771652499e-01,1.336937299216674757e-01,1.340780356225211023e-01,1.343179141561549883e-01,1.342167318796240738e-01,1.309964190753299673e-01,1.272274054124960252e-01,1.221799809065035047e-01,1.129640532112974466e-01,9.486990420489971321e-02,7.071066912059129073e-02,5.974677779962002968e-10,2.080379202241763643e-10,4.767942878622859657e-09,6.998512386261927547e-09,7.982073742523150300e-09,2.580893886463654823e-08,5.217352312715860322e-10,7.839955571061004098e-10,1.035820122842740761e-09,1.274313959720876978e-09,1.496016319166743244e-09,1.700196628424568621e-09,1.887317690845256474e-09,2.056923986150569597e-09,2.206419430323317254e-09,2.329014857435573158e-09,2.409739493339479090e-09,2.417064248924683439e-09,2.283287017315740847e-09,1.837069997934842422e-09,1.153156744718872963e-08
1.666412896578443633e-09,2.522765847029716725e-09,3.303037457372421553e-09,3.966214932001563604e-09,4.480554425138477030e-09,4.829739593029245362e-09,5.017622443368033369e-09,5.047339144157645050e-09,4.927871011609184357e-09,4.672314465697096023e-09,4.296070500457547705e-09,3.828076735156488006e-09,3.314947214524772863e-09,2.755624104406526478e-09,2.178370877542240005e-09,1.616608849872493944e-09,1.108289574853946761e-09,6.908821529196732066e-10,4.961308311616697027e-10,5.974721828734418115e-10,8.082545620880530251e-16,5.974746428758597622e-10,4.961250649873333425e-10,6.908857109519556350e-10,1.108286672145174383e-09,1.616610675761987067e-09,2.178373740793091578e-09,2.755629102400480256e-09,3.314946678981028577e-09,3.828075771889538863e-09,4.296068745833634820e-09,4.672320370437384617e-09,4.927872486779181610e-09,5.047342392211961775e-09,5.017625351984820229e-09,4.829739561012710210e-09,4.480561439794802017e-09,3.966213210850057664e-09,3.303034757723924476e-09,2.522765524802060421e-09,1.666413858397278490e-09
1.153154712310214686e-08,1.837068239527164705e-09,2.283285660963834141e-09,2.417062396836054284e-09,2.409737026702796245e-09,2.329013356464038711e-09,2.206418244908965316e-09,2.056921956119323940e-09,1.887316463360111874e-09,1.700195641526150296e-09,1.496014063789531292e-09,1.274314083671127539e-09,1.035818990077767897e-09,7.839945852048267240e-10,5.217353431857127551e-10,2.580895487991771260e-08,7.982069349181491262e-09,6.998526637907512792e-09,4.767936405062957947e-09,2.080380312463603332e-10,5.974700754642896833e-10,7.071066912059577325e-02,9.486990420156558856e-02,1.129640532105235518e-01,1.221799809071894560e-01,1.272274054119884867e-01,1.309964190748046098e-01,1.342167318802872933e-01,1.343179141104442753e-01,1.340780358257311344e-01,1.336937297030627303e-01,1.332378787955093014e-01,1.327179636039787225e-01,1.322175254323719185e-01,1.317539073752874990e-01,1.313161989628010839e-01,1.308916241988704321e-01,1.304598750121587769e-01,1.299909973650365536e-01,1.294371241590562271e-01,1.286886613737407148e-01
1.480843894141317814e-08,1.392521803687487688e-08,1.548874018804993394e-08,3.477153609741307003e-08,5.160394256970506092e-08,5.508931489262898095e-08,5.104237573642490857e-08,4.271091987827989516e-08,3.223952785590737193e-08,2.147182058723564463e-08,1.462837463136549503e-08,1.390336505380787488e-08,1.306801493521865361e-08,1.207270382883671046e-08,1.076464042995115975e-08,8.864335482439376041e-09,6.291567133513863918e-09,2.349917437244659165e-09,4.034412803836584338e-10,4.767939719416861214e-09,4.961298634748470133e-10,9.486990420472972418e-02,1.414213441339940980e-01,1.645693114115108491e-01,1.898220721330209360e-01,2.119236119203503077e-01,2.279057823694208007e-01,2.387668888327536265e-01,2.465201761700210048e-01,2.527316218474172649e-01,2.585679664277206746e-01,2.618400107860804349e-01,2.619262862455112861e-01,2.616393058776689262e-01,2.610835060638427296e-01,2.604146373641511025e-01,2.596858670863467777e-01,2.589013400029227530e-01,2.579981378048369356e-01,2.570117201196252532e-01,2.558988595593362225e-01
1.849674375140320967e-08,1.410475192644729342e-08,1.418400146961879295e-08,1.686600418291559854e-08,1.773944363871336625e-08,1.830499811741770246e-08,1.817708489356719191e-08,1.771020421243917184e-08,1.700171148743660019e-08,1.608131330277419749e-08,1.493398097012581018e-08,1.352093734595075220e-08,1.215069518422657350e-08,1.072970805447521044e-08,8.856070972261728498e-09,5.795520215225722789e-09,1.262502065764786100e-09,5.926672486112719403e-10,2.349914600395776996e-09,6.998516352597936921e-09,6.908856058506713473e-10,1.129640532113020956e-01,1.645693114113056799e-01,2.121320184963547129e-01,2.342846693385809698e-01,2.601856984284098839e-01,2.859601966283783492e-01,3.089931692495545001e-01,3.279431069908157470e-01,3.426459074855819353e-01,3.539879717329634801e-01,3.631068223905180026e-01,3.709917466934659069e-01,3.791987316848938749e-01,3.813335019111386281e-01,3.814998291054269020e-01,3.815367044623931281e-01,3.812469631064701603e-01,3.806966819067365004e-01,3.799348795732323536e-01,3.789758255316130198e-01
2.240294408369575980e-08,1.749649486677830627e-08,1.253831353971321767e-08,1.324694987934419170e-08,1.680968090440139710e-08,1.770586917640128938e-08,1.767522982652500044e-08,1.722282874194324655e-08,1.652345675923522435e-08,1.563266719201875749e-08,1.453163812136532031e-08,1.313438112393003178e-08,1.128115576369790192e-08,8.713784066528164778e-09,4.988857567704945832e-09,1.116490663074587305e-09,7.579361582799037933e-10,1.262502718746355516e-09,6.291570841861314409e-09,7.982082373715333230e-09,1.108294213056364993e-09,1.221799809059996716e-01,1.898220721132467259e-01,2.342846693388234147e-01,2.828426936504449540e-01,3.043213015304999658e-01,3.302271609171496536e-01,3.568698914170935765e-01,3.825136020673636228e-01,4.058828602201132174e-01,4.261269366017955140e-01,4.429900436287979582e-01,4.568196267453076276e-01,4.682894148244354793e-01,4.787084940753625339e-01,4.883136604743234521e-01,4.934804273159632548e-01,4.947607817365169414e-01,4.956300529108365605e-01,4.959761433886881732e-01,4.958957304819879286e-01
2.409733557786471803e-08,1.962584603339562760e-08,1.408466376326979640e-08,8.883838634016380117e-09,1.138386234869886593e-08,1.439331522660669930e-08,1.549157645808741979e-08,1.557518406322239485e-08,1.501971259851312551e-08,1.398022407066191579e-08,1.248018857505921957e-08,1.045410623727868725e-08,7.752743690197144796e-09,4.070528969392498465e-09,1.229898109998572824e-09,8.933589423776863521e-10,1.116490925631533397e-09,5.795520243315213020e-09,8.864335754364780120e-09,2.580896039738556363e-08,1.616609944410542128e-09,1.272274054338216887e-01,2.119236119053444778e-01,2.601856984279408702e-01,3.043213015308391944e-01,3.535533695223410655e-01,3.745439556648701429e-01,4.004252260543051944e-01,4.272459939836756870e-01,4.538322719427185792e-01,4.792891684893587079e-01,5.027483160358291459e-01,5.235973464893419749e-01,5.416429089511667350e-01,5.570214951867136222e-01,5.703852250936721768e-01,5.823183570008045873e-01,5.928841090768965927e-01,5.987295071313032402e-01,6.018581763302245369e-01,6.039459099177967305e-01
2.340180633654205634e-08,1.855067409378043442e-08,1.364686119931050704e-08,8.600805293809915843e-09,4.384399430339042330e-09,8.736812786519009706e-09,1.080737646517267171e-08,1.148923258938449428e-08,1.121561568590287291e-08,1.021685965765594752e-08,8.570735602661552429e-09,6.253441968235199983e-09,3.120923811330865598e-09,1.494917819463096143e-09,9.953942115004420939e-10,1.229897675318708705e-09,4.988856159556557916e-09,8.856072049805510643e-09,1.076464774699596968e-08,5.217354429570265058e-10,2.178375140936419677e-09,1.309964190744266344e-01,2.279057823693936280e-01,2.859601965833619142e-01,3.302271609129114327e-01,3.745439556647324197e-01,4.242640460572453809e-01,4.449956839202983128e-01,4.707902597930310185e-01,4.975931738162911455e-01,5.245538799225900606e-01,5.509691785541838138e-01,5.761746607186989388e-01,5.995096776918932280e-01,6.205971772118304974e-01,6.392431469509697317e-01,6.556187390981529362e-01,6.701113313047893927e-01,6.830878968361997483e-01,6.945692241220270402e-01,7.002466309382889831e-01
2.067325362128208727e-08,1.575945545227983496e-08,1.097154757795779095e-08,6.628465212901566706e-09,2.995072144259364006e-09,3.340932339075453242e-09,5.822861816595683318e-09,6.891625237748450360e-09,6.888150169621299937e-09,6.051671776519659202e-09,4.489536912060087810e-09,2.216816788127884484e-09,1.569043256727298615e-09,1.057813392435497341e-09,1.494917284855227104e-09,4.070527629136196787e-09,8.713779812827564985e-09,1.072970831154834177e-08,1.207270769597466892e-08,7.839953361976970223e-10,2.755630265703667417e-09,1.342167318794036668e-01,2.387668888342905360e-01,3.089931692117631745e-01,3.568698914283252588e-01,4.004252260517487394e-01,4.449956839196906322e-01,4.949747232061900704e-01,5.155974021253154627e-01,5.412440799289137683e-01,5.679571172447654970e-01,5.950411214196522636e-01,6.219411637976489660e-01,6.480488771074489618e-01,6.728664141750388961e-01,6.959880701134188996e-01,7.170445057758151330e-01,7.359544062960693411e-01,7.528637840788728885e-01,7.681316314599994088e-01,7.824338771877736853e-01
1.609594917348326733e-08,1.167744893579399283e-08,7.503789556604619111e-09,3.908425049419439141e-09,1.205125396182187521e-09,7.341590088055738508e-10,2.049127729046906322e-09,3.144441592775689125e-09,3.330632032472988636e-09,2.718119577630286683e-09,1.570131152896105104e-09,1.506420918651360406e-09,1.079024425365565882e-09,1.569042082589920647e-09,3.120923665943236640e-09,7.752742587989118149e-09,1.128116025435514814e-08,1.215069378057477248e-08,1.306801756607118766e-08,1.035820066730803081e-09,3.314945606855034186e-09,1.343179141986927672e-01,2.465201761731342645e-01,3.279431069936090681e-01,3.825136019825873257e-01,4.272459939591687905e-01,4.707902597954236046e-01,5.155974021259643880e-01,5.656854009237427539e-01,5.862688099746218295e-01,6.117666492204621997e-01,6.383672603309278326e-01,6.654756068226406196e-01,6.925472817786787472e-01,7.191226442593399160e-01,7.447960272404809956e-01,7.692148729800414308e-01,7.919517946616861925e-01,8.127867252014765453e-01,8.316990898579097458e-01,8.489658001659305953e-01
1.057380302460681930e-08,7.093845772881335432e-09,3.935904473190522769e-09,1.441881545829935067e-09,8.597089229113260333e-10,7.518836536077856904e-10,9.654098422215002304e-10,1.252338639655320849e-09,1.391067184586603675e-09,1.433919335763852887e-09,1.345377047471103780e-09,1.055528997540046196e-09,1.506420266462013502e-09,2.216815868006060670e-09,6.253442037139975320e-09,1.045410710031152439e-08,1.313438518466373467e-08,1.352094067156379377e-08,1.390336854149395917e-08,1.274312965665384489e-09,3.828076217002938105e-09,1.340780356113716043e-01,2.527316218469412012e-01,3.426459074909084523e-01,4.058828603628584775e-01,4.538322719256533966e-01,4.975931738014320871e-01,5.412440799358529953e-01,5.862688099746627968e-01,6.363960791674531103e-01,6.569973211765497423e-01,6.823477756260115656e-01,7.088292942477305569e-01,7.358299305982519689e-01,7.629159187605747405e-01,7.896992674404016421e-01,8.158569655173893986e-01,8.410798531051888460e-01,8.649428644699652668e-01,8.871637701269668996e-01,9.075955642789714783e-01
4.917012202214083781e-09,2.764770130416423108e-09,1.180128106494387259e-09,1.029854766940689944e-09,8.865383961290669045e-10,7.631299464634351116e-10,7.579870963927751480e-10,9.831036276567949027e-10,1.110525190871451699e-09,1.116094462570737586e-09,9.821832236412115091e-10,1.345375872917560906e-09,1.570130036904455443e-09,4.489534854938325126e-09,8.570733824675344239e-09,1.248019393229654789e-08,1.453163947457518270e-08,1.493398017787107919e-08,1.462837318454862040e-08,1.496014673640970924e-09,4.296070461288454588e-09,1.336937297430021432e-01,2.585679664322410587e-01,3.539879717314325380e-01,4.261269366088530353e-01,4.792891684821890541e-01,5.245538799143142361e-01,5.679571172869960494e-01,6.117666492153043256e-01,6.569973211762192289e-01,7.071067578971884648e-01,7.277722316096980615e-01,7.530069088844669745e-01,7.792880703698460421e-01,8.061132353287627783e-01,8.331014626621288111e-01,8.599176585738794731e-01,8.863163401903608740e-01,9.120172444280805202e-01,9.366165697500810072e-01,9.598094407160394637e-01
1.562568860899693541e-09,1.387351460221210700e-09,1.208533422730670127e-09,1.036157124390594723e-09,8.792987828390659425e-10,7.378467425911343205e-10,6.401929086848345332e-08,7.549017126226123419e-08,8.535962821705747866e-08,8.521889305335173265e-08,1.116092955538583760e-09,1.433919152051662365e-09,2.718117310343846086e-09,6.051673776628841063e-09,1.021685892608113321e-08,1.398022639637066184e-08,1.563267055973463381e-08,1.608131900775195882e-08,2.147182262093862302e-08,1.700195297683283342e-09,4.672320208162882066e-09,1.332378794115269549e-01,2.618400107847327352e-01,3.631068223999960876e-01,4.429900436259942009e-01,5.027483162589845289e-01,5.509691784960542016e-01,5.950411214901002444e-01,6.383672604099802639e-01,6.823477756271530970e-01,7.277722316087512633e-01,7.778174370746844257e-01,7.986173802458914617e-01,8.236851412731420741e-01,8.497356806801397155e-01,8.763293432916490211e-01,9.031304815643202977e-01,9.298493941079348790e-01,9.563158432455631797e-01,9.822654562387785893e-01,1.007334742483416479e+00
1.539294984736520789e-09,1.360739453900323708e-09,1.177951277076691774e-09,1.001640516536772523e-09,8.329154680351659801e-10,6.627755552072450919e-08,5.218734754160147989e-08,5.688443837249114504e-08,6.559909238035311080e-08,8.535965839895208955e-08,1.110524084836942339e-09,1.391066609986887771e-09,3.330632195558852385e-09,6.888151483435682284e-09,1.121561463867975346e-08,1.501971101073025839e-08,1.652345890617189647e-08,1.700171509368293993e-08,3.223953212742128967e-08,1.887316828477860076e-09,4.927871968148778630e-09,1.327179635736133734e-01,2.619262862470981834e-01,3.709917466927186713e-01,4.568196267314089676e-01,5.235973464792864629e-01,5.761746607565901845e-01,6.219411637198118958e-01,6.654756068296271421e-01,7.088292942038582067e-01,7.530069088116900788e-01,7.986173802463916171e-01,8.485281167726106410e-01,8.694924318363475013e-01,8.943709631445734276e-01,9.201634738345716436e-01,9.464768427228148484e-01,9.730169929729411971e-01,9.995338478947254357e-01,1.025937204014815141e+00,1.051967505374078238e+00
1.423274022730108688e-09,1.273041036900509226e-09,1.103916662752204701e-09,9.252382615184246437e-10,7.346487061959106004e-10,5.239855822210924044e-08,3.292949636736507389e-08,3.791346547821209368e-08,5.688446614973655014e-08,7.549021533054070645e-08,9.831029903947145911e-10,1.252338382574928937e-09,3.144441583338425221e-09,6.891623052673884874e-09,1.148923876057665260e-08,1.557518175728690835e-08,1.722283675952316976e-08,1.771022708798319224e-08,4.271091548945950443e-08,2.056922033197740571e-09,5.047340392731327165e-09,1.322175258602001913e-01,2.616393058789250325e-01,3.791987316132933161e-01,4.682894148676285395e-01,5.416429089983906264e-01,5.995096774491249780e-01,6.480488771200173526e-01,6.925472817528938174e-01,7.358299305798242651e-01,7.792880706083075149e-01,8.236851413641087527e-01,8.694924318367264204e-01,9.192387968661971387e-01,9.403889074991264030e-01,9.650540153993741876e-01,9.905605481450604488e-01,1.016550114886743517e+00,1.042765207912616621e+00,1.068992517538215115e+00,1.095228542677493477e+00
1.264982043737528639e-09,1.147063028667122956e-09,9.870554121144942200e-10,7.943533621935985376e-10,5.693035625433401892e-08,3.103926268175147610e-08,1.307345653955851380e-08,3.292953087749149116e-08,5.218738750013426017e-08,6.401933272694373844e-08,7.579868484380838002e-08,9.654098369382482340e-10,2.049128413479479500e-09,5.822863428355329267e-09,1.080737693295033087e-08,1.549157673225393243e-08,1.767523628685193306e-08,1.817709748655223119e-08,5.104238485645545893e-08,2.206418998937645745e-09,5.017622818010275805e-09,1.317539069091205883e-01,2.610835060608646674e-01,3.813335019250648217e-01,4.787084939949767803e-01,5.570214951560283900e-01,6.205971775500106480e-01,6.728664141586649938e-01,7.191226441516629375e-01,7.629159188711222006e-01,8.061132352339743790e-01,8.497356806673690421e-01,8.943709631298973894e-01,9.403889074997138220e-01,9.899494773124996039e-01,1.011296627311772278e+00,1.035723907834820601e+00,1.060915017947849703e+00,1.086539177912100307e+00,1.112371911465983798e+00,1.138233400019308394e+00
1.076067809421815591e-09,9.759886070459910725e-10,8.118070368465730162e-10,5.938761742253720757e-10,3.278769991174884078e-08,2.969080314942816699e-09,3.103928294662845243e-08,5.239859083785317464e-08,6.627759765989213508e-08,7.378468465347900942e-10,7.631295739626753929e-10,7.518841929654545363e-10,7.341600197919328108e-10,3.340934015201069987e-09,8.736814599583507492e-09,1.439331814543982268e-08,1.770587671131621982e-08,1.830500622172755592e-08,5.508931537087437749e-08,2.329014290663424791e-09,4.829738342580198387e-09,1.313161989777284211e-01,2.604146373645153667e-01,3.814998291363942973e-01,4.883136604967924788e-01,5.703852250397587476e-01,6.392431469109066677e-01,6.959880699568998796e-01,7.447960273392799646e-01,7.896992672328007057e-01,8.331014626780256505e-01,8.763293435691044131e-01,9.201634737314072776e-01,9.650540153640833063e-01,1.011296627317787911e+00,1.060660158078744031e+00,1.082198694909231262e+00,1.106369668352764180e+00,1.131213422342314923e+00,1.156477882192541218e+00,1.182014447098251875e+00
8.150859382987573139e-10,7.337173138029747944e-10,5.646188327001365357e-10,3.230211951063656698e-08,3.306913409772984624e-09,3.278771207447336981e-08,5.693039976595003583e-08,7.346492558717860497e-10,8.329154879892885645e-10,8.792995190984183019e-10,8.865383354394165888e-10,8.597089062958660116e-10,1.205126367734320575e-09,2.995072931719908776e-09,4.384400089916097483e-09,1.138386407948781266e-08,1.680968784009995194e-08,1.773944811311647704e-08,5.160401004274224198e-08,2.409737487543900356e-09,4.480551757297002663e-09,1.308916237818430472e-01,2.596858670866196706e-01,3.815367044608758418e-01,4.934804236750356399e-01,5.823183571984359430e-01,6.556187389786765074e-01,7.170445059349092043e-01,7.692148730617448527e-01,8.158569656257794733e-01,8.599176585168109010e-01,9.031304813726401814e-01,9.464768426281670033e-01,9.905605480964804199e-01,1.035723907802134747e+00,1.082198694926062021e+00,1.131370839133255757e+00,1.153086667779998020e+00,1.177000915936934788e+00,1.201558235442734768e+00,1.226533303547608256e+00
4.388984576754129884e-08,4.148379604668478064e-08,2.660192706628218313e-08,3.569233353320786798e-09,3.230214470761074833e-08,5.938760626977149916e-10,7.943544402191926062e-10,9.252386109173340074e-10,1.001641390872380300e-09,1.036157356517809393e-09,1.029854802918908619e-09,1.441881357292834153e-09,3.908425790562581642e-09,6.628469174204432689e-09,8.600807125779401535e-09,8.883838064104823244e-09,1.324695712833840938e-08,1.686601015351144064e-08,3.477153365775298820e-08,2.417063270947823472e-09,3.966210874245144303e-09,1.304598746696320755e-01,2.589013399997334153e-01,3.812469631196889197e-01,4.947607817940434805e-01,5.928841070860433327e-01,6.701113312063811112e-01,7.359544064981006217e-01,7.919517945749218191e-01,8.410798530415506402e-01,8.863163400967659644e-01,9.298493940755701015e-01,9.730169930798193700e-01,1.016550114859378962e+00,1.060915017827005702e+00,1.106369668383126115e+00,1.153086667779797514e+00,1.202081520445759111e+00,1.223956498591042497e+00,1.247605049303388114e+00,1.271854032105319998e+00
1.492260744538397364e-08,9.612871087486314143e-09,3.624042177463715784e-09,2.660193387197376032e-08,5.646193917843368098e-08,8.118068742267578172e-10,9.870550696841926387e-10,1.103916995598500952e-09,1.177951783856318621e-09,1.208534133790162408e-09,1.180128844308764930e-09,3.935907546830905588e-09,7.503794856137956932e-09,1.097155306942061049e-08,1.364686621714693636e-08,1.408467266488479163e-08,1.253831449551471786e-08,1.418400917257803074e-08,1.548873090594482051e-08,2.283286553103366610e-09,3.303032639132532891e-09,1.299909973642958683e-01,2.579981378056961927e-01,3.806966819067695296e-01,4.956300528411612949e-01,5.987295069362031930e-01,6.830878970135781936e-01,7.528637842522267754e-01,8.127867252605945891e-01,8.649428645046648434e-01,9.120172442158638315e-01,9.563158434850461687e-01,9.995338477431513491e-01,1.042765207904850389e+00,1.086539177905648135e+00,1.131213422341341257e+00,1.177000915937292502e+00,1.223956498585985875e+00,1.272792201445700710e+00,1.294804929458763798e+00,1.318163427828664025e+00
3.278814987430928258e-09,3.503571432976170709e-09,9.612869364194078840e-09,4.148380574702692714e-08,7.337186149457291541e-10,9.759886872635417911e-10,1.147062646930187767e-09,1.273041441415905511e-09,1.360739929858534016e-09,1.387351292830573312e-09,2.764771402880978452e-09,7.093850840509574982e-09,1.167745753348026883e-08,1.575945585867158211e-08,1.855069049193325932e-08,1.962585343501569959e-08,1.749649516135554354e-08,1.410475409932122943e-08,1.392522053341650667e-08,1.837069302947118098e-09,2.522763282684831207e-09,1.294371239199104129e-01,2.570117201196258083e-01,3.799348795675220325e-01,4.959761433939062214e-01,6.018581835130044633e-01,6.945692245492761652e-01,7.681316318913945507e-01,8.316990896846570003e-01,8.871637695625524955e-01,9.366165694788075591e-01,9.822654561377975879e-01,1.025937204008886772e+00,1.068992517459553149e+00,1.112371911528371227e+00,1.156477882155283465e+00,1.201558235481291037e+00,1.247605049210955830e+00,1.294804929450919850e+00,1.343502881141505068e+00,1.365620834654488025e+00
3.484847965752240064e-09,3.278812177828193838e-09,1.492261757965025964e-08,4.388987374603955507e-08,8.150864264066265487e-10,1.076067867172984743e-09,1.264982418339247497e-09,1.423273662138210346e-09,1.539295605796174175e-09,1.562569429345802764e-09,4.917014942481538782e-09,1.057380788505991300e-08,1.609595781611903413e-08,2.067326115861919776e-08,2.340180936506491572e-08,2.409734298406810184e-08,2.240294163930401959e-08,1.849674072874170910e-08,1.480843887892558396e-08,1.153155526496771569e-08,1.666411614834319544e-09,1.286886615553465840e-01,2.558988595603493565e-01,3.789758255244786156e-01,4.958957304966519763e-01,6.039459097987252001e-01,7.002466309897911190e-01,7.824338777263848410e-01,8.489658015802897806e-01,9.075955641798745255e-01,9.598094406585262472e-01,1.007334742117992787e+00,1.051967505438201167e+00,1.095228542501857971e+00,1.138233400101794190e+00,1.182014447029395843e+00,1.226533303554691923e+00,1.271854032181549021e+00,1.318163427822478972e+00,1.365620834627305547e+00,1.414213560589980823e+00
1.131370849898476028e+00,1.103267873184023973e+00,1.075546372779900173e+00,1.048236614510292597e+00,1.021371626784296271e+00,9.949874371066197432e-01,9.691233151668573464e-01,9.438220171197529984e-01,9.191300234460842988e-01,8.950977600240095367e-01,8.717797887081345509e-01,8.492349498224855964e-01,8.275264346230878365e-01,8.067217612039478958e-01,7.868926229162395147e-01,7.681145747868607376e-01,7.504665215717485349e-01,7.340299721401022381e-01,7.188880302244570197e-01,7.051241025521675088e-01,6.928203230275506996e-01,6.820557161991972484e-01,6.729041536504285492e-01,6.654321903845650255e-01,6.596969000988256449e-01,6.557438524302000582e-01,6.536053855347276897e-01,6.532993188424427444e-01,6.548282217497958246e-01,6.581793068761734311e-01,6.633249580710802729e-01,6.702238432046416783e-01,6.788225099390858830e-01,6.890573270780891990e-01,7.008566187174095630e-01,7.141428428542851981e-01,7.288346863315445789e-01,7.448489779814433387e-01,7.621023553303066800e-01,7.805126520435149429e-01,8.000000000000007105e-01
1.103267873184024195e+00,1.074802307403552204e+00,1.046709128650361809e+00,1.019019136228559663e+00,9.917661014573948552e-01,9.649870465451854118e-01,9.387225362161065734e-01,9.130169768410659747e-01,8.879189152169242316e-01,8.634813257969159439e-01,8.397618710086802718e-01,8.168231142664853506e-01,7.947326594522209353e-01,7.735631842325484397e-01,7.533923280734942107e-01,7.343023900274324722e-01,7.163797875428922213e-01,6.997142273814356273e-01,6.843975452907465895e-01,6.705221845696081040e-01,6.581793068761728760e-01,6.474565622495457307e-01,6.384355879804943790e-01,6.311893535223799256e-01,6.257795138864806761e-01,6.222539674441616153e-01,6.206448259673157386e-01,6.209669878504009422e-01,6.232174580353153637e-01,6.273754856543249936e-01,6.334035048845246818e-01,6.412487816752563408e-01,6.508456038109193820e-01,6.621178142898742625e-01,6.749814812274484987e-01,6.893475175845638070e-01,7.051241025521682859e-01,7.222188034107120957e-01,7.405403432629452665e-01,7.600000000000006750e-01,7.805126520435149429e-01
1.075546372779900173e+00,1.046709128650361809e+00,1.018233764908628380e+00,9.901515035589247837e-01,9.624967532412771476e-01,9.353074360871934667e-01,9.086253353280434597e-01,8.824964589164081552e-01,8.569714114251415493e-01,8.321057625085885867e-01,8.079603950689658864e-01,7.846018098373210847e-01,7.621023553303055698e-01,7.405403432629443783e-01,7.199999999999999734e-01,7.005711955254794177e-01,6.823488843692789851e-01,6.654321903845648034e-01,6.499230723708764312e-01,6.359245238233856012e-01,6.235382907247953854e-01,6.128621378417823395e-01,6.039867548216598658e-01,5.969924622639717349e-01,5.919459434779495988e-01,5.888972745734178948e-01,5.878775382679628514e-01,5.888972745734182279e-01,5.919459434779498208e-01,5.969924622639721790e-01,6.039867548216600879e-01,6.128621378417827836e-01,6.235382907247961626e-01,6.359245238233863784e-01,6.499230723708772084e-01,6.654321903845653585e-01,6.823488843692797623e-01,7.005711955254801948e-01,7.200000000000006395e-01,7.405403432629454885e-01,7.621023553303069020e-01
1.048236614510292819e+00,1.019019136228559663e+00,9.901515035589250058e-01,9.616652224137045568e-01,9.335952013587043297e-01,9.059801322324894102e-01,8.788629017087931095e-01,8.522910301065005356e-01,8.263171304045436871e-01,8.009993757800311087e-01,7.764019577512666359e-01,7.525955088890708966e-01,7.296574538781877006e-01,7.076722405181649078e-01,6.867313885355753600e-01,6.669332800213221280e-01,6.483826030978927513e-01,6.311893535223797036e-01,6.154673021371642738e-01,6.013318551349158270e-01,5.888972745734180059e-01,5.782732917920380133e-01,5.695612346359253397e-01,5.628498911788111236e-01,5.582114294781141961e-01,5.556977595779920565e-01,5.553377350765927867e-01,5.571355310873646882e-01,5.610704055642214971e-01,5.670978751503130688e-01,5.751521537819362928e-01,5.851495535331118214e-01,5.969924622639722900e-01,6.105735008989502388e-01,6.257795138864811202e-01,6.424951361683609585e-01,6.606057825965505614e-01,6.800000000000004929e-01,7.005711955254804169e-01,7.222188034107123178e-01,7.448489779814435607e-01
1.021371626784296049e+00,9.917661014573949663e-01,9.624967532412768145e-01,9.335952013587043297e-01,9.050966799187806222e-01,8.770404779712277499e-01,8.494704232638118357e-01,8.224354077980832178e-01,7.959899496852954615e-01,7.701947805587879836e-01,7.451174404078860780e-01,7.208328516376036887e-01,6.974238309665073965e-01,6.749814812274478326e-01,6.536053855347273567e-01,6.334035048845243487e-01,6.144916598294882792e-01,5.969924622639716238e-01,5.810335618533575275e-01,5.667450926121897492e-01,5.542562584220401822e-01,5.436910887627268707e-01,5.351635264103857814e-01,5.287721626560910604e-01,5.245950819441600466e-01,5.226853738148790063e-01,5.230678732248807972e-01,5.257375771237963180e-01,5.306599664568637520e-01,5.377731863899501974e-01,5.469917732470940264e-01,5.582114294781147512e-01,5.713142742834281806e-01,5.861740355901141619e-01,6.026607669327750383e-01,6.206448259673167378e-01,6.400000000000003464e-01,6.606057825965501173e-01,6.823488843692800954e-01,7.051241025521686190e-01,7.288346863315448010e-01
9.949874371066198542e-01,9.649870465451854118e-01,9.353074360871935777e-01,9.059801322324898543e-01,8.770404779712276389e-01,8.485281374238567986e-01,8.204876598706403179e-01,7.929691040639601507e-01,7.660287200882218706e-01,7.397296803562765088e-01,7.141428428542845319e-01,6.893475175845632519e-01,6.654321903845645814e-01,6.424951361683600704e-01,6.206448259673155166e-01,5.999999999999996447e-01,5.806892456383186962e-01,5.628498911788111236e-01,5.466260147486576848e-01,5.321653878260025339e-01,5.196152422706628027e-01,5.091168824543139682e-01,5.007993610219563241e-01,4.947726750741190949e-01,4.911211663123465354e-01,4.898979485566353764e-01,4.911211663123470350e-01,4.947726750741190394e-01,5.007993610219565461e-01,5.091168824543141902e-01,5.196152422706634688e-01,5.321653878260030890e-01,5.466260147486582399e-01,5.628498911788119008e-01,5.806892456383195844e-01,6.000000000000006439e-01,6.206448259673166268e-01,6.424951361683609585e-01,6.654321903845659136e-01,6.893475175845644731e-01,7.141428428542859752e-01
9.691233151668572354e-01,9.387225362161066844e-01,9.086253353280435707e-01,8.788629017087931095e-01,8.494704232638118357e-01,8.204876598706400959e-01,7.919595949289329750e-01,7.639371701913709733e-01,7.364781055808782284e-01,7.096477999684064342e-01,6.835202996254019503e-01,6.581793068761727650e-01,6.337191807101938412e-01,6.102458520956937083e-01,5.878775382679622963e-01,5.667450926121897492e-01,5.469917732470931382e-01,5.287721626560909494e-01,5.122499389946272297e-01,4.975942121849886157e-01,4.849742261192853121e-01,4.745524207081866508e-01,4.664761515876236220e-01,4.608687448721159874e-01,4.578209256903837954e-01,4.573838650411705120e-01,4.595650117230422049e-01,4.643274706497558801e-01,4.715930449020639958e-01,4.812483766206387403e-01,4.931531202375184497e-01,5.071488933242389585e-01,5.230678732248812413e-01,5.407402333838312591e-01,5.600000000000004974e-01,5.806892456383193624e-01,6.026607669327753714e-01,6.257795138864813422e-01,6.499230723708777635e-01,6.749814812274490539e-01,7.008566187174101181e-01
9.438220171197528874e-01,9.130169768410659747e-01,8.824964589164080442e-01,8.522910301065003136e-01,8.224354077980833289e-01,7.929691040639601507e-01,7.639371701913709733e-01,7.353910524340091515e-01,7.073895673530952166e-01,6.799999999999997158e-01,6.532993188424425224e-01,6.273754856543243275e-01,6.023288138550234594e-01,5.782732917920380133e-01,5.553377350765923426e-01,5.336665625650527378e-01,5.134199061197370906e-01,4.947726750741187063e-01,4.779121258139402140e-01,4.630334761116086106e-01,4.503332099679077105e-01,4.399999999999993361e-01,4.322036556994856005e-01,4.270831300812520936e-01,4.247352116319059734e-01,4.252058325093857061e-01,4.284857057125707747e-01,4.345112196480085398e-01,4.431703961232066336e-01,4.543126676640220074e-01,4.677606225410602114e-01,4.833218389437832219e-01,5.007993610219569902e-01,5.200000000000004619e-01,5.407402333838313702e-01,5.628498911788121228e-01,5.861740355901144950e-01,6.105735008989506829e-01,6.359245238233866004e-01,6.621178142898749286e-01,6.890573270780895321e-01
9.191300234460844099e-01,8.879189152169242316e-01,8.569714114251416603e-01,8.263171304045435761e-01,7.959899496852957945e-01,7.660287200882219816e-01,7.364781055808784505e-01,7.073895673530954387e-01,6.788225099390853279e-01,6.508456038109188269e-01,6.235382907247953854e-01,5.969924622639711798e-01,5.713142742834275145e-01,5.466260147486573517e-01,5.230678732248801310e-01,5.007993610219559910e-01,4.799999999999995937e-01,4.608687448721161539e-01,4.436214602563761655e-01,4.284857057125705526e-01,4.156921938165299424e-01,4.054626986542653189e-01,3.979949748426473422e-01,3.934463114581197574e-01,3.919183588453082900e-01,3.934463114581198684e-01,3.979949748426479528e-01,4.054626986542659295e-01,4.156921938165304975e-01,4.284857057125711632e-01,4.436214602563769427e-01,4.608687448721166535e-01,4.800000000000004263e-01,5.007993610219568792e-01,5.230678732248813523e-01,5.466260147486585730e-01,5.713142742834287358e-01,5.969924622639727341e-01,6.235382907247966067e-01,6.508456038109200481e-01,6.788225099390865491e-01
8.950977600240096477e-01,8.634813257969160549e-01,8.321057625085885867e-01,8.009993757800312197e-01,7.701947805587879836e-01,7.397296803562768419e-01,7.096477999684064342e-01,6.799999999999994937e-01,6.508456038109187158e-01,6.222539674441616153e-01,5.943063183241446001e-01,5.670978751503125137e-01,5.407402333838304820e-01,5.153639490690042901e-01,4.911211663123463689e-01,4.681879964287843365e-01,4.467661580737727900e-01,4.270831300812519271e-01,4.093897898091735654e-01,3.939543120718435043e-01,3.810511776651522853e-01,3.709447398198276180e-01,3.638681079732046242e-01,3.599999999999998201e-01,3.594440151122282878e-01,3.622154055254965810e-01,3.682390527904393918e-01,3.773592452822641108e-01,3.893584466786359499e-01,4.039801975344833873e-01,4.209513035969840167e-01,4.400000000000001688e-01,4.608687448721168756e-01,4.833218389437834439e-01,5.071488933242392916e-01,5.321653878260034221e-01,5.582114294781153063e-01,5.851495535331125986e-01,6.128621378417833387e-01,6.412487816752566738e-01,6.702238432046424554e-01
8.717797887081344399e-01,8.397618710086803828e-01,8.079603950689659975e-01,7.764019577512666359e-01,7.451174404078859670e-01,7.141428428542846429e-01,6.835202996254020613e-01,6.532993188424426334e-01,6.235382907247953854e-01,5.943063183241446001e-01,5.656854249492374587e-01,5.377731863899495313e-01,5.106858133921475806e-01,4.845616575834280071e-01,4.595650117230414833e-01,4.358898943540667759e-01,4.137632173115433076e-01,3.934463114581195353e-01,3.752332607858738789e-01,3.594440151122280103e-01,3.464101615137750723e-01,3.364520768252138305e-01,3.298484500494123783e-01,3.268026927673636228e-01,3.274141108748975793e-01,3.316624790355399144e-01,3.394112549695426639e-01,3.504283093587045594e-01,3.644173431657721229e-01,3.810511776651532845e-01,4.000000000000003553e-01,4.209513035969842387e-01,4.436214602563769982e-01,4.677606225410604335e-01,4.931531202375187828e-01,5.196152422706639129e-01,5.469917732470946925e-01,5.751521537819370700e-01,6.039867548216608650e-01,6.334035048845255700e-01,6.633249580710810500e-01
8.492349498224855964e-01,8.168231142664852396e-01,7.846018098373210847e-01,7.525955088890710076e-01,7.208328516376036887e-01,6.893475175845631409e-01,6.581793068761729870e-01,6.273754856543243275e-01,5.969924622639714018e-01,5.670978751503122917e-01,5.377731863899496423e-01,5.091168824543135241e-01,4.812483766206380187e-01,4.543126676640214523e-01,4.284857057125705526e-01,4.039801975344823881e-01,3.810511776651522853e-01,3.599999999999994316e-01,3.411744421846389930e-01,3.249615361854379936e-01,3.117691453623975262e-01,3.019933774108295998e-01,2.959729717389742998e-01,2.939387691339809261e-01,2.959729717389744108e-01,3.019933774108297664e-01,3.117691453623978037e-01,3.249615361854384932e-01,3.411744421846397146e-01,3.600000000000005418e-01,3.810511776651535620e-01,4.039801975344837759e-01,4.284857057125716628e-01,4.543126676640225625e-01,4.812483766206394065e-01,5.091168824543150784e-01,5.377731863899509746e-01,5.670978751503139570e-01,5.969924622639731782e-01,6.273754856543258818e-01,6.581793068761742083e-01
8.275264346230877255e-01,7.947326594522209353e-01,7.621023553303054587e-01,7.296574538781877006e-01,6.974238309665076185e-01,6.654321903845644703e-01,6.337191807101937302e-01,6.023288138550232373e-01,5.713142742834272925e-01,5.407402333838303710e-01,5.106858133921476917e-01,4.812483766206380742e-01,4.525483399593898670e-01,4.247352116319051962e-01,3.979949748426472866e-01,3.725587202039423729e-01,3.487119154832531986e-01,3.268026927673632342e-01,3.072458299147437510e-01,2.905167809266784307e-01,2.771281292110198136e-01,2.675817632051925021e-01,2.622975409720798012e-01,2.615339366124402876e-01,2.653299832284317650e-01,2.734958866235467911e-01,2.856571371417139238e-01,3.013303834663874636e-01,3.200000000000001732e-01,3.411744421846399922e-01,3.644173431657725115e-01,3.893584466786362275e-01,4.156921938165312191e-01,4.431703961232075772e-01,4.715930449020646065e-01,5.007993610219575453e-01,5.306599664568649732e-01,5.610704055642224963e-01,5.919459434779507090e-01,6.232174580353164739e-01,6.548282217497972679e-01
8.067217612039481178e-01,7.735631842325482177e-01,7.405403432629442673e-01,7.076722405181649078e-01,6.749814812274477216e-01,6.424951361683599593e-01,6.102458520956938193e-01,5.782732917920380133e-01,5.466260147486574628e-01,5.153639490690044012e-01,4.845616575834281181e-01,4.543126676640211747e-01,4.247352116319053628e-01,3.959797974644660989e-01,3.682390527904387256e-01,3.417601498127006421e-01,3.168595903550965320e-01,2.939387691339805375e-01,2.734958866235461250e-01,2.561249694973130042e-01,2.424871130596421287e-01,2.332380757938114779e-01,2.289104628451913981e-01,2.297825058615207139e-01,2.357965224510317759e-01,2.465765601187589195e-01,2.615339366124406761e-01,2.800000000000002487e-01,3.013303834663877412e-01,3.249615361854387707e-01,3.504283093587052811e-01,3.773592452822649435e-01,4.054626986542664846e-01,4.345112196480093725e-01,4.643274706497567128e-01,4.947726750741200386e-01,5.257375771237975393e-01,5.571355310873660205e-01,5.888972745734194492e-01,6.209669878504019414e-01,6.532993188424441877e-01
7.868926229162399588e-01,7.533923280734942107e-01,7.199999999999995293e-01,6.867313885355753600e-01,6.536053855347270236e-01,6.206448259673156276e-01,5.878775382679622963e-01,5.553377350765923426e-01,5.230678732248804641e-01,4.911211663123463689e-01,4.595650117230417608e-01,4.284857057125706636e-01,3.979949748426471756e-01,3.682390527904385591e-01,3.394112549695419978e-01,3.117691453623972486e-01,2.856571371417130356e-01,2.615339366124397324e-01,2.399999999999992417e-01,2.218107301281875832e-01,2.078460969082643051e-01,1.989974874213230882e-01,1.959591794226538675e-01,1.989974874213235323e-01,2.078460969082649434e-01,2.218107301281881660e-01,2.400000000000002132e-01,2.615339366124407872e-01,2.856571371417143679e-01,3.117691453623984699e-01,3.394112549695433301e-01,3.682390527904402244e-01,3.979949748426486189e-01,4.284857057125719404e-01,4.595650117230432596e-01,4.911211663123480897e-01,5.230678732248819074e-01,5.553377350765937859e-01,5.878775382679636285e-01,6.206448259673174039e-01,6.536053855347285779e-01
7.681145747868606266e-01,7.343023900274325833e-01,7.005711955254793066e-01,6.669332800213223500e-01,6.334035048845242377e-01,5.999999999999996447e-01,5.667450926121895272e-01,5.336665625650528488e-01,5.007993610219559910e-01,4.681879964287845031e-01,4.358898943540666648e-01,4.039801975344823881e-01,3.725587202039423174e-01,3.417601498127006421e-01,3.117691453623970821e-01,2.828427124746178412e-01,2.553429066960732907e-01,2.297825058615204363e-01,2.068816086557713207e-01,1.876166303929361623e-01,1.732050807568866757e-01,1.649242250247057451e-01,1.637070554374485121e-01,1.697056274847712487e-01,1.822086715828860060e-01,2.000000000000001776e-01,2.218107301281886101e-01,2.465765601187594191e-01,2.734958866235474018e-01,3.019933774108306546e-01,3.316624790355405250e-01,3.622154055254973026e-01,3.934463114581205900e-01,4.252058325093869828e-01,4.573838650411716777e-01,4.898979485566365977e-01,5.226853738148802275e-01,5.556977595779934997e-01,5.888972745734192271e-01,6.222539674441631696e-01,6.557438524302011684e-01
7.504665215717485349e-01,7.163797875428924433e-01,6.823488843692788741e-01,6.483826030978926402e-01,6.144916598294883903e-01,5.806892456383186962e-01,5.469917732470934713e-01,5.134199061197370906e-01,4.799999999999994826e-01,4.467661580737729010e-01,4.137632173115435297e-01,3.810511776651522853e-01,3.487119154832531986e-01,3.168595903550964765e-01,2.856571371417133132e-01,2.553429066960732352e-01,2.262741699796942396e-01,1.989974874213233935e-01,1.743559577416260165e-01,1.536229149573711816e-01,1.385640646055094627e-01,1.311487704860395120e-01,1.326649916142159935e-01,1.428285685708569064e-01,1.600000000000003642e-01,1.822086715828866166e-01,2.078460969082657761e-01,2.357965224510325808e-01,2.653299832284325976e-01,2.959729717389755210e-01,3.274141108748989670e-01,3.594440151122294536e-01,3.919183588453095668e-01,4.247352116319068616e-01,4.578209256903849056e-01,4.911211663123479787e-01,5.245950819441613788e-01,5.582114294781154173e-01,5.919459434779509310e-01,6.257795138864815643e-01,6.596969000988269771e-01
7.340299721401023492e-01,6.997142273814357383e-01,6.654321903845648034e-01,6.311893535223795926e-01,5.969924622639718459e-01,5.628498911788111236e-01,5.287721626560908383e-01,4.947726750741187618e-01,4.608687448721158764e-01,4.270831300812518161e-01,3.934463114581192023e-01,3.599999999999993205e-01,3.268026927673629012e-01,2.939387691339805930e-01,2.615339366124395659e-01,2.297825058615204086e-01,1.989974874213231992e-01,1.697056274847706103e-01,1.428285685708559349e-01,1.199999999999992184e-01,1.039230484541320276e-01,9.797958971132657291e-02,1.039230484541324440e-01,1.199999999999998845e-01,1.428285685708572117e-01,1.697056274847719148e-01,1.989974874213244760e-01,2.297825058615219629e-01,2.615339366124412313e-01,2.939387691339822584e-01,3.268026927673646220e-01,3.600000000000009859e-01,3.934463114581209231e-01,4.270831300812536480e-01,4.608687448721176527e-01,4.947726750741205937e-01,5.287721626560923927e-01,5.628498911788126779e-01,5.969924622639732892e-01,6.311893535223812579e-01,6.654321903845661357e-01
7.188880302244569087e-01,6.843975452907467005e-01,6.499230723708766533e-01,6.154673021371644959e-01,5.810335618533575275e-01,5.466260147486574628e-01,5.122499389946273407e-01,4.779121258139405470e-01,4.436214602563761100e-01,4.093897898091739540e-01,3.752332607858736568e-01,3.411744421846390485e-01,3.072458299147437510e-01,2.734958866235459030e-01,2.399999999999993250e-01,2.068816086557712097e-01,1.743559577416260997e-01,1.428285685708562680e-01,1.131370849898467590e-01,8.717797887081236985e-02,6.928203230275419011e-02,6.633249580710778859e-02,8.000000000000007105e-02,1.039230484541331379e-01,1.326649916142165486e-01,1.637070554374497056e-01,1.959591794226550610e-01,2.289104628451927026e-01,2.622975409720809670e-01,2.959729717389758541e-01,3.298484500494139882e-01,3.638681079732061230e-01,3.979949748426492295e-01,4.322036556994873768e-01,4.664761515876251763e-01,5.007993610219579894e-01,5.351635264103870027e-01,5.695612346359268940e-01,6.039867548216614201e-01,6.384355879804961553e-01,6.729041536504302146e-01
7.051241025521675088e-01,6.705221845696081040e-01,6.359245238233854902e-01,6.013318551349159380e-01,5.667450926121897492e-01,5.321653878260026449e-01,4.975942121849886712e-01,4.630334761116086106e-01,4.284857057125704971e-01,3.939543120718435598e-01,3.594440151122278992e-01,3.249615361854379381e-01,2.905167809266783752e-01,2.561249694973131708e-01,2.218107301281876942e-01,1.876166303929364676e-01,1.536229149573714314e-01,1.199999999999992184e-01,8.717797887081263353e-02,5.656854249492290765e-02,3.464101615137667872e-02,4.000000000000014655e-02,6.633249580710845472e-02,9.797958971132775252e-02,1.311487704860407333e-01,1.649242250247072994e-01,1.989974874213247535e-01,2.332380757938130600e-01,2.675817632051939454e-01,3.019933774108310431e-01,3.364520768252156069e-01,3.709447398198291168e-01,4.054626986542669842e-01,4.400000000000012790e-01,4.745524207081880941e-01,5.091168824543156335e-01,5.436910887627287581e-01,5.782732917920394566e-01,6.128621378417838939e-01,6.474565622495472850e-01,6.820557161991989137e-01
6.928203230275505886e-01,6.581793068761730980e-01,6.235382907247954964e-01,5.888972745734181169e-01,5.542562584220404043e-01,5.196152422706629137e-01,4.849742261192852566e-01,4.503332099679077105e-01,4.156921938165300534e-01,3.810511776651525628e-01,3.464101615137750168e-01,3.117691453623974152e-01,2.771281292110197025e-01,2.424871130596422675e-01,2.078460969082646936e-01,1.732050807568870643e-01,1.385640646055096570e-01,1.039230484541319027e-01,6.928203230275431501e-02,3.464101615137681056e-02,9.420554752102649521e-16,3.464101615137840651e-02,6.928203230275611912e-02,1.039230484541334987e-01,1.385640646055113501e-01,1.732050807568887296e-01,2.078460969082664145e-01,2.424871130596439328e-01,2.771281292110214789e-01,3.117691453623989695e-01,3.464101615137766266e-01,3.810511776651542282e-01,4.156921938165317187e-01,4.503332099679093203e-01,4.849742261192870330e-01,5.196152422706645790e-01,5.542562584220422917e-01,5.888972745734196712e-01,6.235382907247970508e-01,6.581793068761746524e-01,6.928203230275520319e-01
6.820557161991970263e-01,6.474565622495456196e-01,6.128621378417822285e-01,5.782732917920382354e-01,5.436910887627273148e-01,5.091168824543137461e-01,4.745524207081862622e-01,4.399999999999995026e-01,4.054626986542654299e-01,3.709447398198278401e-01,3.364520768252139415e-01,3.019933774108295443e-01,2.675817632051923356e-01,2.332380757938113947e-01,1.989974874213235045e-01,1.649242250247057173e-01,1.311487704860394843e-01,9.797958971132657291e-02,6.633249580710748328e-02,4.000000000000003553e-02,3.464101615137834406e-02,5.656854249492479503e-02,8.717797887081449315e-02,1.200000000000009948e-01,1.536229149573732078e-01,1.876166303929379109e-01,2.218107301281894705e-01,2.561249694973152802e-01,2.905167809266802625e-01,3.249615361854397699e-01,3.594440151122295646e-01,3.939543120718452807e-01,4.284857057125722735e-01,4.630334761116102760e-01,4.975942121849906141e-01,5.321653878260040882e-01,5.667450926121916366e-01,6.013318551349176033e-01,6.359245238233873776e-01,6.705221845696101024e-01,7.051241025521693961e-01
6.729041536504287713e-01,6.384355879804947120e-01,6.039867548216597548e-01,5.695612346359252287e-01,5.351635264103858924e-01,5.007993610219561020e-01,4.664761515876235665e-01,4.322036556994858780e-01,3.979949748426476752e-01,3.638681079732047907e-01,3.298484500494123783e-01,2.959729717389744108e-01,2.622975409720795237e-01,2.289104628451916479e-01,1.959591794226537842e-01,1.637070554374485676e-01,1.326649916142156049e-01,1.039230484541324440e-01,8.000000000000029310e-02,6.633249580710826043e-02,6.928203230275604974e-02,8.717797887081446540e-02,1.131370849898486464e-01,1.428285685708581831e-01,1.743559577416280426e-01,2.068816086557734302e-01,2.400000000000014344e-01,2.734958866235481789e-01,3.072458299147454719e-01,3.411744421846409914e-01,3.752332607858755997e-01,4.093897898091756749e-01,4.436214602563777754e-01,4.779121258139421569e-01,5.122499389946294501e-01,5.466260147486593501e-01,5.810335618533597479e-01,6.154673021371663832e-01,6.499230723708785407e-01,6.843975452907484769e-01,7.188880302244584630e-01
6.654321903845651365e-01,6.311893535223797036e-01,5.969924622639716238e-01,5.628498911788114567e-01,5.287721626560911714e-01,4.947726750741190394e-01,4.608687448721162649e-01,4.270831300812520936e-01,3.934463114581197019e-01,3.599999999999995426e-01,3.268026927673635118e-01,2.939387691339809261e-01,2.615339366124402321e-01,2.297825058615207139e-01,1.989974874213240597e-01,1.697056274847713042e-01,1.428285685708569341e-01,1.200000000000003286e-01,1.039230484541332766e-01,9.797958971132775252e-02,1.039230484541334987e-01,1.200000000000013695e-01,1.428285685708584052e-01,1.697056274847724977e-01,1.989974874213252531e-01,2.297825058615224347e-01,2.615339366124412868e-01,2.939387691339827580e-01,3.268026927673651216e-01,3.600000000000012079e-01,3.934463114581212562e-01,4.270831300812539255e-01,4.608687448721178193e-01,4.947726750741208157e-01,5.287721626560928367e-01,5.628498911788132331e-01,5.969924622639735112e-01,6.311893535223813689e-01,6.654321903845664687e-01,6.997142273814375146e-01,7.340299721401044586e-01
6.596969000988255338e-01,6.257795138864804541e-01,5.919459434779495988e-01,5.582114294781141961e-01,5.245950819441597135e-01,4.911211663123468130e-01,4.578209256903836288e-01,4.247352116319058624e-01,3.919183588453083456e-01,3.594440151122282878e-01,3.274141108748978013e-01,2.959729717389745773e-01,2.653299832284319315e-01,2.357965224510318036e-01,2.078460969082651932e-01,1.822086715828860060e-01,1.600000000000001421e-01,1.428285685708573227e-01,1.326649916142165209e-01,1.311487704860410108e-01,1.385640646055108227e-01,1.536229149573735409e-01,1.743559577416280149e-01,1.989974874213255862e-01,2.262741699796965156e-01,2.553429066960752891e-01,2.856571371417152005e-01,3.168595903550983639e-01,3.487119154832552526e-01,3.810511776651545057e-01,4.137632173115455281e-01,4.467661580737749549e-01,4.800000000000011480e-01,5.134199061197387559e-01,5.469917732470953586e-01,5.806892456383208057e-01,6.144916598294900556e-01,6.483826030978945276e-01,6.823488843692808725e-01,7.163797875428943307e-01,7.504665215717504223e-01
6.557438524301998362e-01,6.222539674441617263e-01,5.888972745734180059e-01,5.556977595779920565e-01,5.226853738148790063e-01,4.898979485566354874e-01,4.573838650411706230e-01,4.252058325093857616e-01,3.934463114581197574e-01,3.622154055254965255e-01,3.316624790355398589e-01,3.019933774108298774e-01,2.734958866235470132e-01,2.465765601187592526e-01,2.218107301281882215e-01,2.000000000000001776e-01,1.822086715828863668e-01,1.697056274847721369e-01,1.637070554374497056e-01,1.649242250247074937e-01,1.732050807568885353e-01,1.876166303929382162e-01,2.068816086557731526e-01,2.297825058615222682e-01,2.553429066960752336e-01,2.828427124746205057e-01,3.117691453623991360e-01,3.417601498127026405e-01,3.725587202039445378e-01,4.039801975344847196e-01,4.358898943540687188e-01,4.681879964287863349e-01,5.007993610219578784e-01,5.336665625650548472e-01,5.667450926121915256e-01,6.000000000000013101e-01,6.334035048845260141e-01,6.669332800213243484e-01,7.005711955254813050e-01,7.343023900274345817e-01,7.681145747868624030e-01
6.536053855347276897e-01,6.206448259673160717e-01,5.878775382679626293e-01,5.553377350765926757e-01,5.230678732248810192e-01,4.911211663123467019e-01,4.595650117230424825e-01,4.284857057125707192e-01,3.979949748426478973e-01,3.682390527904392807e-01,3.394112549695426084e-01,3.117691453623978592e-01,2.856571371417138128e-01,2.615339366124405096e-01,2.400000000000002132e-01,2.218107301281889154e-01,2.078460969082657483e-01,1.989974874213247535e-01,1.959591794226546724e-01,1.989974874213250589e-01,2.078460969082664700e-01,2.218107301281896648e-01,2.400000000000011013e-01,2.615339366124417864e-01,2.856571371417153671e-01,3.117691453623994136e-01,3.394112549695440517e-01,3.682390527904409461e-01,3.979949748426494516e-01,4.284857057125724955e-01,4.595650117230440923e-01,4.911211663123483118e-01,5.230678732248821294e-01,5.553377350765943410e-01,5.878775382679644057e-01,6.206448259673174039e-01,6.536053855347293551e-01,6.867313885355776915e-01,7.200000000000015277e-01,7.533923280734960981e-01,7.868926229162412911e-01
6.532993188424430775e-01,6.209669878504009422e-01,5.888972745734184500e-01,5.571355310873644662e-01,5.257375771237966511e-01,4.947726750741191504e-01,4.643274706497558801e-01,4.345112196480085398e-01,4.054626986542659295e-01,3.773592452822641663e-01,3.504283093587047260e-01,3.249615361854387707e-01,3.013303834663876302e-01,2.800000000000004707e-01,2.615339366124407872e-01,2.465765601187595302e-01,2.357965224510324975e-01,2.297825058615218241e-01,2.289104628451927304e-01,2.332380757938131433e-01,2.424871130596437940e-01,2.561249694973150026e-01,2.734958866235478459e-01,2.939387691339828690e-01,3.168595903550985859e-01,3.417601498127024739e-01,3.682390527904406685e-01,3.959797974644677088e-01,4.247352116319076387e-01,4.543126676640233952e-01,4.845616575834303386e-01,5.153639490690063996e-01,5.466260147486593501e-01,5.782732917920401228e-01,6.102458520956960397e-01,6.424951361683619577e-01,6.749814812274500531e-01,7.076722405181672393e-01,7.405403432629464877e-01,7.735631842325502161e-01,8.067217612039498942e-01
6.548282217497962687e-01,6.232174580353154747e-01,5.919459434779498208e-01,5.610704055642214971e-01,5.306599664568641961e-01,5.007993610219566571e-01,4.715930449020638848e-01,4.431703961232070221e-01,4.156921938165306640e-01,3.893584466786355613e-01,3.644173431657721229e-01,3.411744421846400477e-01,3.200000000000005063e-01,3.013303834663876302e-01,2.856571371417146454e-01,2.734958866235474018e-01,2.653299832284327087e-01,2.615339366124411757e-01,2.622975409720808559e-01,2.675817632051942230e-01,2.771281292110213679e-01,2.905167809266800960e-01,3.072458299147458605e-01,3.268026927673650106e-01,3.487119154832551970e-01,3.725587202039447043e-01,3.979949748426496181e-01,4.247352116319076387e-01,4.525483399593914213e-01,4.812483766206401281e-01,5.106858133921499121e-01,5.407402333838325914e-01,5.713142742834294019e-01,6.023288138550253468e-01,6.337191807101961727e-01,6.654321903845666908e-01,6.974238309665098390e-01,7.296574538781898100e-01,7.621023553303082343e-01,7.947326594522226006e-01,8.275264346230897239e-01
6.581793068761735421e-01,6.273754856543251046e-01,5.969924622639720679e-01,5.670978751503130688e-01,5.377731863899500864e-01,5.091168824543143012e-01,4.812483766206386848e-01,4.543126676640222295e-01,4.284857057125711632e-01,4.039801975344835538e-01,3.810511776651532290e-01,3.600000000000003197e-01,3.411744421846399922e-01,3.249615361854388818e-01,3.117691453623986364e-01,3.019933774108308766e-01,2.959729717389755210e-01,2.939387691339820363e-01,2.959729717389761317e-01,3.019933774108309321e-01,3.117691453623989695e-01,3.249615361854397699e-01,3.411744421846409914e-01,3.600000000000011524e-01,3.810511776651542282e-01,4.039801975344847196e-01,4.284857057125724955e-01,4.543126676640232287e-01,4.812483766206401281e-01,5.091168824543154114e-01,5.377731863899518627e-01,5.670978751503142901e-01,5.969924622639734002e-01,6.273754856543266589e-01,6.581793068761752075e-01,6.893475175845653613e-01,7.208328516376055761e-01,7.525955088890731171e-01,7.846018098373228611e-01,8.168231142664871269e-01,8.492349498224874838e-01
6.633249580710801618e-01,6.334035048845250149e-01,6.039867548216603099e-01,5.751521537819365149e-01,5.469917732470939153e-01,5.196152422706633578e-01,4.931531202375181722e-01,4.677606225410602669e-01,4.436214602563771647e-01,4.209513035969842942e-01,4.000000000000001332e-01,3.810511776651536731e-01,3.644173431657726780e-01,3.504283093587052256e-01,3.394112549695437742e-01,3.316624790355406915e-01,3.274141108748989670e-01,3.268026927673646775e-01,3.298484500494135441e-01,3.364520768252154403e-01,3.464101615137764045e-01,3.594440151122299532e-01,3.752332607858758773e-01,3.934463114581211451e-01,4.137632173115451950e-01,4.358898943540687188e-01,4.595650117230439258e-01,4.845616575834300610e-01,5.106858133921496901e-01,5.377731863899515297e-01,5.656854249492394571e-01,5.943063183241464875e-01,6.235382907247974948e-01,6.532993188424448538e-01,6.835202996254046148e-01,7.141428428542865303e-01,7.451174404078876323e-01,7.764019577512687453e-01,8.079603950689681069e-01,8.397618710086824922e-01,8.717797887081363273e-01
6.702238432046420114e-01,6.412487816752561187e-01,6.128621378417830057e-01,5.851495535331121545e-01,5.582114294781148622e-01,5.321653878260030890e-01,5.071488933242392916e-01,4.833218389437833884e-01,4.608687448721172641e-01,4.400000000000003908e-01,4.209513035969844608e-01,4.039801975344835538e-01,3.893584466786362275e-01,3.773592452822650545e-01,3.682390527904402799e-01,3.622154055254978022e-01,3.594440151122298421e-01,3.600000000000009304e-01,3.638681079732061230e-01,3.709447398198295609e-01,3.810511776651538951e-01,3.939543120718454472e-01,4.093897898091757304e-01,4.270831300812543141e-01,4.467661580737750104e-01,4.681879964287870011e-01,4.911211663123487003e-01,5.153639490690067326e-01,5.407402333838329245e-01,5.670978751503149562e-01,5.943063183241468206e-01,6.222539674441636137e-01,6.508456038109210473e-01,6.800000000000018252e-01,7.096477999684086546e-01,7.397296803562790624e-01,7.701947805587902041e-01,8.009993757800333292e-01,8.321057625085908072e-01,8.634813257969178313e-01,8.950977600240118681e-01
6.788225099390858830e-01,6.508456038109196040e-01,6.235382907247962736e-01,5.969924622639721790e-01,5.713142742834282917e-01,5.466260147486581289e-01,5.230678732248811302e-01,5.007993610219568792e-01,4.800000000000004263e-01,4.608687448721172086e-01,4.436214602563769982e-01,4.284857057125717739e-01,4.156921938165308861e-01,4.054626986542666511e-01,3.979949748426490630e-01,3.934463114581208676e-01,3.919183588453094003e-01,3.934463114581212007e-01,3.979949748426488965e-01,4.054626986542670397e-01,4.156921938165320518e-01,4.284857057125727176e-01,4.436214602563778864e-01,4.608687448721181523e-01,4.800000000000013145e-01,5.007993610219581004e-01,5.230678732248822405e-01,5.466260147486596832e-01,5.713142742834291798e-01,5.969924622639731782e-01,6.235382907247972728e-01,6.508456038109207142e-01,6.788225099390873263e-01,7.073895673530971040e-01,7.364781055808800048e-01,7.660287200882239800e-01,7.959899496852974599e-01,8.263171304045456855e-01,8.569714114251438808e-01,8.879189152169262300e-01,9.191300234460861862e-01
6.890573270780891990e-01,6.621178142898738184e-01,6.359245238233860453e-01,6.105735008989499057e-01,5.861740355901143840e-01,5.628498911788116787e-01,5.407402333838313702e-01,5.200000000000004619e-01,5.007993610219567682e-01,4.833218389437834439e-01,4.677606225410605445e-01,4.543126676640225625e-01,4.431703961232075217e-01,4.345112196480094280e-01,4.284857057125718294e-01,4.252058325093868718e-01,4.247352116319066395e-01,4.270831300812536480e-01,4.322036556994872658e-01,4.400000000000010014e-01,4.503332099679092648e-01,4.630334761116102760e-01,4.779121258139422124e-01,4.947726750741205382e-01,5.134199061197386449e-01,5.336665625650548472e-01,5.553377350765942300e-01,5.782732917920399007e-01,6.023288138550251247e-01,6.273754856543263259e-01,6.532993188424445208e-01,6.800000000000018252e-01,7.073895673530971040e-01,7.353910524340109278e-01,7.639371701913727497e-01,7.929691040639620381e-01,8.224354077980855493e-01,8.522910301065026450e-01,8.824964589164100426e-01,9.130169768410679731e-01,9.438220171197551078e-01
7.008566187174095630e-01,6.749814812274482767e-01,6.499230723708769863e-01,6.257795138864813422e-01,6.026607669327749273e-01,5.806892456383194734e-01,5.600000000000004974e-01,5.407402333838314812e-01,5.230678732248813523e-01,5.071488933242392916e-01,4.931531202375185052e-01,4.812483766206390179e-01,4.715930449020646620e-01,4.643274706497571569e-01,4.595650117230432041e-01,4.573838650411717888e-01,4.578209256903850721e-01,4.608687448721179303e-01,4.664761515876253983e-01,4.745524207081878720e-01,4.849742261192865889e-01,4.975942121849902811e-01,5.122499389946293391e-01,5.287721626560930588e-01,5.469917732470954697e-01,5.667450926121920807e-01,5.878775382679642947e-01,6.102458520956959287e-01,6.337191807101963947e-01,6.581793068761752075e-01,6.835202996254039487e-01,7.096477999684080995e-01,7.364781055808804489e-01,7.639371701913730828e-01,7.919595949289351955e-01,8.204876598706426494e-01,8.494704232638139452e-01,8.788629017087949968e-01,9.086253353280460132e-01,9.387225362161083497e-01,9.691233151668593448e-01
7.141428428542856421e-01,6.893475175845640290e-01,6.654321903845656916e-01,6.424951361683610696e-01,6.206448259673167378e-01,6.000000000000007550e-01,5.806892456383202505e-01,5.628498911788125669e-01,5.466260147486587950e-01,5.321653878260037551e-01,5.196152422706642460e-01,5.091168824543153004e-01,5.007993610219574343e-01,4.947726750741201496e-01,4.911211663123482563e-01,4.898979485566365977e-01,4.911211663123479232e-01,4.947726750741202051e-01,5.007993610219578784e-01,5.091168824543157445e-01,5.196152422706648011e-01,5.321653878260041992e-01,5.466260147486594612e-01,5.628498911788132331e-01,5.806892456383203616e-01,6.000000000000014211e-01,6.206448259673178480e-01,6.424951361683619577e-01,6.654321903845668018e-01,6.893475175845653613e-01,7.141428428542865303e-01,7.397296803562789513e-01,7.660287200882244241e-01,7.929691040639624822e-01,8.204876598706422053e-01,8.485281374238590191e-01,8.770404779712296373e-01,9.059801322324916306e-01,9.353074360871955761e-01,9.649870465451876322e-01,9.949874371066221856e-01
7.288346863315443569e-01,7.051241025521682859e-01,6.823488843692797623e-01,6.606057825965503394e-01,6.400000000000007905e-01,6.206448259673164047e-01,6.026607669327754824e-01,5.861740355901147170e-01,5.713142742834289578e-01,5.582114294781153063e-01,5.469917732470949145e-01,5.377731863899511966e-01,5.306599664568648622e-01,5.257375771237977613e-01,5.230678732248816853e-01,5.226853738148800055e-01,5.245950819441610458e-01,5.287721626560929478e-01,5.351635264103872247e-01,5.436910887627287581e-01,5.542562584220427357e-01,5.667450926121920807e-01,5.810335618533596369e-01,5.969924622639735112e-01,6.144916598294900556e-01,6.334035048845266802e-01,6.536053855347288000e-01,6.749814812274497200e-01,6.974238309665092839e-01,7.208328516376056871e-01,7.451174404078878544e-01,7.701947805587898710e-01,7.959899496852979039e-01,8.224354077980855493e-01,8.494704232638136121e-01,8.770404779712303034e-01,9.050966799187829537e-01,9.335952013587062170e-01,9.624967532412792570e-01,9.917661014573968536e-01,1.021371626784298270e+00
7.448489779814434497e-01,7.222188034107120957e-01,7.005711955254805279e-01,6.800000000000003819e-01,6.606057825965503394e-01,6.424951361683610696e-01,6.257795138864815643e-01,6.105735008989509049e-01,5.969924622639727341e-01,5.851495535331120434e-01,5.751521537819367369e-01,5.670978751503139570e-01,5.610704055642228294e-01,5.571355310873656874e-01,5.553377350765938969e-01,5.556977595779929446e-01,5.582114294781155284e-01,5.628498911788123449e-01,5.695612346359273381e-01,5.782732917920399007e-01,5.888972745734193381e-01,6.013318551349180474e-01,6.154673021371660502e-01,6.311893535223813689e-01,6.483826030978947497e-01,6.669332800213234602e-01,6.867313885355775804e-01,7.076722405181669062e-01,7.296574538781891439e-01,7.525955088890727840e-01,7.764019577512683012e-01,8.009993757800331071e-01,8.263171304045456855e-01,8.522910301065023120e-01,8.788629017087949968e-01,9.059801322324914086e-01,9.335952013587062170e-01,9.616652224137061111e-01,9.901515035589265601e-01,1.019019136228561662e+00,1.048236614510294595e+00
7.621023553303065690e-01,7.405403432629455995e-01,7.200000000000006395e-01,7.005711955254808609e-01,6.823488843692802064e-01,6.654321903845658026e-01,6.499230723708773194e-01,6.359245238233868225e-01,6.235382907247967177e-01,6.128621378417835608e-01,6.039867548216608650e-01,5.969924622639729561e-01,5.919459434779508200e-01,5.888972745734191161e-01,5.878775382679638506e-01,5.888972745734194492e-01,5.919459434779510421e-01,5.969924622639729561e-01,6.039867548216610871e-01,6.128621378417837828e-01,6.235382907247972728e-01,6.359245238233867115e-01,6.499230723708782076e-01,6.654321903845661357e-01,6.823488843692808725e-01,7.005711955254817491e-01,7.200000000000018607e-01,7.405403432629462657e-01,7.621023553303075682e-01,7.846018098373230831e-01,8.079603950689681069e-01,8.321057625085904741e-01,8.569714114251436587e-01,8.824964589164100426e-01,9.086253353280453471e-01,9.353074360871956872e-01,9.624967532412789240e-01,9.901515035589271152e-01,1.018233764908630157e+00,1.046709128650364251e+00,1.075546372779901949e+00
7.805126520435147208e-01,7.600000000000008971e-01,7.405403432629457106e-01,7.222188034107120957e-01,7.051241025521685080e-01,6.893475175845644731e-01,6.749814812274492759e-01,6.621178142898748176e-01,6.508456038109203812e-01,6.412487816752567849e-01,6.334035048845261251e-01,6.273754856543258818e-01,6.232174580353169180e-01,6.209669878504024965e-01,6.206448259673171819e-01,6.222539674441632807e-01,6.257795138864820084e-01,6.311893535223814800e-01,6.384355879804963774e-01,6.474565622495470629e-01,6.581793068761745413e-01,6.705221845696096583e-01,6.843975452907480328e-01,6.997142273814378477e-01,7.163797875428942197e-01,7.343023900274345817e-01,7.533923280734964312e-01,7.735631842325506602e-01,7.947326594522224896e-01,8.168231142664877931e-01,8.397618710086824922e-01,8.634813257969180533e-01,8.879189152169267851e-01,9.130169768410677511e-01,9.387225362161085718e-01,9.649870465451879653e-01,9.917661014573968536e-01,1.019019136228562106e+00,1.046709128650363807e+00,1.074802307403554646e+00,1.103267873184026415e+00
8.000000000000007105e-01,7.805126520435148318e-01,7.621023553303064579e-01,7.448489779814437828e-01,7.288346863315446900e-01,7.141428428542863083e-01,7.008566187174101181e-01,6.890573270780895321e-01,6.788225099390869932e-01,6.702238432046425665e-01,6.633249580710810500e-01,6.581793068761744303e-01,6.548282217497970459e-01,6.532993188424441877e-01,6.536053855347291330e-01,6.557438524302016125e-01,6.596969000988268661e-01,6.654321903845664687e-01,6.729041536504306587e-01,6.820557161991984696e-01,6.928203230275524760e-01,7.051241025521692851e-01,7.188880302244584630e-01,7.340299721401045696e-01,7.504665215717498672e-01,7.681145747868622919e-01,7.868926229162420682e-01,8.067217612039497832e-01,8.275264346230899459e-01,8.492349498224878168e-01,8.717797887081363273e-01,8.950977600240119791e-01,9.191300234460869634e-01,9.438220171197556629e-01,9.691233151668595669e-01,9.949874371066220746e-01,1.021371626784298270e+00,1.048236614510294817e+00,1.075546372779901949e+00,1.103267873184025971e+00,1.131370849898478248e+00
